HAUTS DE SEINE,ASNIERES SUR SEINE,info@ville-asnieressurseine.fr
HAUTS DE SEINE,BAGNEUX,contact@mairie-bagneux.fr
HAUTS DE SEINE,BOIS COLOMBES,bois-colombes@bois-colombes.com
HAUTS DE SEINE,BOULOGNE BILLANCOURT,sce.communication@mairie-boulogne-billancourt.fr
HAUTS DE SEINE,BOURG LA REINE,mairie@bourg-la-reine.fr
HAUTS DE SEINE,CHATENAY MALABRY,infos@chatenay-malabry.fr
HAUTS DE SEINE,CHATILLON,webmaster@ville-chatillon.fr
HAUTS DE SEINE,CHAVILLE,jean-levain@ville-chaville.fr
HAUTS DE SEINE,CLAMART,mairie@clamart.fr
HAUTS DE SEINE,CLICHY LA GARENNE,info@ville-clichy.fr
HAUTS DE SEINE,COLOMBES,courrier@mairie-colombes.fr
HAUTS DE SEINE,COURBEVOIE,courbevoie@ville-courbevoie.fr
HAUTS DE SEINE,FONTENAY AUX ROSES,mairie@fontenay-aux-roses.fr
HAUTS DE SEINE,GARCHES,info@ville-garches.fr
HAUTS DE SEINE,GENNEVILLIERS,contact@ville-gennevilliers.fr
HAUTS DE SEINE,ISSY LES MOULINEAUX,iris@ville-issy.fr
HAUTS DE SEINE,LA GARENNE COLOMBES,infomairie@lagarennecolombes.fr
HAUTS DE SEINE,LE PLESSIS ROBINSON,mairie-plessis-robinson@wanadoo.fr
HAUTS DE SEINE,LEVALLOIS PERRET,votre.maire@ville-levallois.fr
HAUTS DE SEINE,MALAKOFF,mairie@ville-malakoff.fr
HAUTS DE SEINE,MARNES LA COQUETTE,mairiedemarnes@wanadoo.fr
HAUTS DE SEINE,MEUDON,accueil@mairie-meudon.fr
HAUTS DE SEINE,MONTROUGE,jean-loup.metton@ville-montrouge.fr
HAUTS DE SEINE,NANTERRE,etat.civil@mairie-nanterre.fr
HAUTS DE SEINE,NEUILLY SUR SEINE,accueil-standard@ville-neuillysurseine.fr
HAUTS DE SEINE,PUTEAUX,info@mairie-puteaux.fr
HAUTS DE SEINE,RUEIL MALMAISON,info@mairie-rueilmalmaison.fr
HAUTS DE SEINE,SAINT CLOUD,direction-generale@saintcloud.fr
HAUTS DE SEINE,SCEAUX,sceauxinfomairie@sceaux.fr
HAUTS DE SEINE,SEVRES,mairie@ville-sevres.fr
HAUTS DE SEINE,SURESNES,webmestre@ville-suresnes.fr
HAUTS DE SEINE,VANVES,servicesmunicipaux@ville-vanves.fr
HAUTS DE SEINE,VAUCRESSON,mairie@mairie-vaucresson.fr
HAUTS DE SEINE,VILLE D AVRAY,info@mairie-villedavray.fr
HAUTS DE SEINE,VILLENEUVE LA GARENNE,contact@villeneuve92.com
SEINE SAINT DENIS,AUBERVILLIERS,secretariat-general@mairie-Aubervilliers.fr
SEINE SAINT DENIS,AULNAY SOUS BOIS,comexterne@aulnay-sous-bois.com
SEINE SAINT DENIS,BAGNOLET,mairie@ville-bagnolet.fr
SEINE SAINT DENIS,BOBIGNY,comtown@comtown.com
SEINE SAINT DENIS,BONDY,cab-maire@ville-bondy.fr
SEINE SAINT DENIS,CLICHY SOUS BOIS,webmaster@ville-clichy-sous-bois.fr
SEINE SAINT DENIS,COUBRON,cabinet.maire@coubron.fr
SEINE SAINT DENIS,DRANCY,maire@drancy.fr
SEINE SAINT DENIS,DUGNY,cabmaire@mairie-dugny.fr
SEINE SAINT DENIS,EPINAY SUR SEINE,communication@mairie-epinay93.fr
SEINE SAINT DENIS,GAGNY,info@mairie-gagny.fr
SEINE SAINT DENIS,GOURNAY SUR MARNE,c.gonnet@gournay-sur-marne.fr
SEINE SAINT DENIS,LA COURNEUVE,maire@ville-la-courneuve.fr
SEINE SAINT DENIS,LE BLANC MESNIL,lemensuel@ville-blanc-mesnil.fr
SEINE SAINT DENIS,LE BOURGET,service.communication@ville-lebourget.fr
SEINE SAINT DENIS,LE PRE SAINT GERVAIS,communication@ville-du-pre-saint-gervais.fr
SEINE SAINT DENIS,LE RAINCY,leraincy@leraincy.com
SEINE SAINT DENIS,LES LILAS,ville@leslilas.fr
SEINE SAINT DENIS,LES PAVILLONS SOUS BOIS,mairie@ville-pavillons-sous-bois.fr
SEINE SAINT DENIS,L ILE SAINT DENIS,mairie@lile-saint-denis.fr
SEINE SAINT DENIS,LIVRY GARGAN,courriermaire@ville-de-livry-gargan.fr
SEINE SAINT DENIS,MONTFERMEIL,elus@ville-montfermeil.fr
SEINE SAINT DENIS,MONTREUIL,site.internet@montreuil93.net
SEINE SAINT DENIS,NEUILLY PLAISANCE,contact@mairie-neuillyplaisance.com
SEINE SAINT DENIS,NEUILLY SUR MARNE,mairie.neuilly.marne@wanadoo.fr
SEINE SAINT DENIS,NOISY LE GRAND,mairie@ville-noisylegrand.fr
SEINE SAINT DENIS,NOISY LE SEC,maire@noisylesec.fr
SEINE SAINT DENIS,PANTIN,""
SEINE SAINT DENIS,PIERREFITTE SUR SEINE,mairie@mairie-pierrefitte-sur-seine.fr
SEINE SAINT DENIS,ROMAINVILLE,courrier@ville-romainville.fr
SEINE SAINT DENIS,ROSNY SOUS BOIS,courrier@mairie-rosny-sous-bois.fr
SEINE SAINT DENIS,SAINT DENIS,mairie.saint.denis@ville-saint-denis.fr
SEINE SAINT DENIS,SAINT OUEN,etat-civil@mairie-saint-ouen.fr
SEINE SAINT DENIS,SEVRAN,grp_accueil@ville-sevran.fr
SEINE SAINT DENIS,STAINS,courrier@stains.fr
SEINE SAINT DENIS,TREMBLAY EN FRANCE,services@tremblayenfrance.fr
SEINE SAINT DENIS,VAUJOURS,contact@ville-vaujours.fr
SEINE SAINT DENIS,VILLEMOMBLE,secretariat-general@mairie-villemomble.fr
SEINE SAINT DENIS,VILLEPINTE,mairie@ville-villepinte.fr
SEINE SAINT DENIS,VILLETANEUSE,communication@mairie-villetaneuse.fr
YVELINES,ABLIS,ville.mairie-ablis@wanadoo.fr
YVELINES,ACHERES,acheres@easynet.fr
YVELINES,ADAINVILLE,mairiedadainville@wanadoo.fr
YVELINES,AIGREMONT,mairie.aigremont@wanadoo.fr
YVELINES,ALLAINVILLE,mairie-dallainville2@wanadoo.fr
YVELINES,ANDELU,mairie.andelu@orange.fr
YVELINES,ANDRESY,mairie@andresy.com
YVELINES,ARNOUVILLE LES MANTES,mairie.arnouville.les.mantes@wanadoo.fr
YVELINES,AUBERGENVILLE,mairienet@aubergenville.fr
YVELINES,AUFFARGIS,mairie.auffargis@wanadoo.fr
YVELINES,AUFFREVILLE BRASSEUIL,mairie.auffreville.brasseuil@wanadoo.fr
YVELINES,AULNAY SUR MAULDRE,mairie-aulnay-sur-mauldre@wanadoo.fr
YVELINES,AUTEUIL LE ROI,mairie.auteuil-le-roi@mairie-auteuil-le-roi.fr
YVELINES,AUTOUILLET,mairie.autouillet@wanadoo.fr
YVELINES,BAILLY,mairie@mairie-bailly.fr
YVELINES,BAZAINVILLE,mairiebazainville@orange.fr
YVELINES,BAZEMONT,mairie.bazemont@wanadoo.fr
YVELINES,BAZOCHES SUR GUYONNE,mairiebazoches@wanadoo.fr
YVELINES,BEHOUST,mairie.behoust@wanadoo.fr
YVELINES,BENNECOURT,c-bennecourt@wanadoo.fr
YVELINES,BEYNES,mairie@beynes.fr
YVELINES,BLARU,ville.blaru@wanadoo.fr
YVELINES,BOINVILLE EN MANTOIS,mairie-boinville-en-mantois@wanadoo.fr
YVELINES,BOINVILLE LE GAILLARD,mairie@boinville-le-gaillard.fr
YVELINES,BOINVILLIERS,mairie.boinvilliers@wanadoo.fr
YVELINES,BOIS D ARCY,communication@boisdarcy.fr
YVELINES,BOISSETS,mairie.boissets@wanadoo.fr
YVELINES,BOISSY MAUVOISIN,boissy-mauvoisin@wanadoo.fr
YVELINES,BOISSY SANS AVOIR,mairie-bsa@wanadoo.fr
YVELINES,BONNELLES,nl.secretariat@mairie-bonnelles.fr
YVELINES,BONNIERES SUR SEINE,mairie@ville-bonnieres-sur-seine.fr
YVELINES,BOUAFLE,mairiedebouafle@free.fr
YVELINES,BOUGIVAL,svoisin@ville-bougival.fr
YVELINES,BOURDONNE,mairie.bourdonne@wanadoo.fr
YVELINES,BREUIL BOIS ROBERT,mairie.breuil-bois-robert1@wanadoo.fr
YVELINES,BREVAL,mairie-de-breval@wanadoo.fr
YVELINES,BRUEIL EN VEXIN,mairie.brueilenvexin@wanadoo.fr
YVELINES,BUC,mairie@mairie-buc.fr
YVELINES,BUCHELAY,contact@mairie-buchelay.fr
YVELINES,BULLION,mairie.bullion@wanadoo.fr
YVELINES,CARRIERES SOUS POISSY,mairie@carrieres-sous-poissy.fr
YVELINES,CARRIERES SUR SEINE,mairie@carrieres-sur-seine.fr
YVELINES,CERNAY LA VILLE,mairie.secretariat@cernaylaville.net
YVELINES,CHAMBOURCY,mairie@chambourcy.fr
YVELINES,CHANTELOUP LES VIGNES,mairie@chanteloup-les-vignes.fr
YVELINES,CHAPET,mairie@chapet.com
YVELINES,CHATEAUFORT,accueil@mairie-chateaufort78.fr
YVELINES,CHATOU,mairie@mairie-chatou.fr
YVELINES,CHAUFOUR LES BONNIERES,chaufour.mairie@wanadoo.fr
YVELINES,CHAVENAY,mairie@chavenay.com
YVELINES,CHEVREUSE,mairie@chevreuse.fr
YVELINES,CHOISEL,mairie.choisel@wanadoo.fr
YVELINES,CIVRY LA FORET,civrylaforet.mairie@wanadoo.fr
YVELINES,CLAIREFONTAINE EN YVELINES,mairie.clairefontaine@wanadoo.fr
YVELINES,COIGNIERES,accueil@coignieres.fr
YVELINES,CONDE SUR VESGRE,mairie-condesurvesgre@wanadoo.fr
YVELINES,CONFLANS SAINTE HONORINE,ville@mairie-conflans-sainte-honorine.fr
YVELINES,COURGENT,mairie.courgent@wanadoo.fr
YVELINES,CRAVENT,mairie-cravent@wanadoo.fr
YVELINES,CRESPIERES,crespus@wanadoo.fr
YVELINES,CROISSY SUR SEINE,info@croissy.com
YVELINES,DAMMARTIN EN SERVE,mairie.dammartin-en-serve@wanadoo.fr
YVELINES,DAMPIERRE EN YVELINES,mairie.dampierre.en.yvelines@wanadoo.fr
YVELINES,DANNEMARIE,commune-dannemarie@wanadoo.fr
YVELINES,DAVRON,mairie@davron.fr
YVELINES,DROCOURT,drocourt78@wanadoo.fr
YVELINES,ECQUEVILLY,info@ville-ecquevilly.fr
YVELINES,ELANCOURT,votremaire@ville-elancourt.fr
YVELINES,EMANCE,mairie.emance@wanadoo.fr
YVELINES,EPONE,gerard.raspaud@epone.fr
YVELINES,EVECQUEMONT,mairie.evecquemont@wanadoo.fr
YVELINES,FAVRIEUX,mairiefavrieux@orange.fr
YVELINES,FEUCHEROLLES,mairie.feucherolles@wanadoo.fr
YVELINES,FLACOURT,mairieflacourt@orange.fr
YVELINES,FLEXANVILLE,mairie.flexanville@wanadoo.fr
YVELINES,FLINS NEUVE EGLISE,mairieflinsneuveeglise@orange.fr
YVELINES,FLINS SUR SEINE,accueil@flinssurseine.fr
YVELINES,FOLLAINVILLE DENNEMONT,mairie-follainville-dennemont@wanadoo.fr
YVELINES,FONTENAY LE FLEURY,mairie@fontenay-le-fleury.org
YVELINES,FONTENAY MAUVOISIN,mairie.fontenaymauvoisin983@orange.fr
YVELINES,FONTENAY SAINT PERE,mairie-fontenay.st.pere@wanadoo.fr
YVELINES,FOURQUEUX,mairie@ville-fourqueux.fr
YVELINES,FRENEUSE,mairie.freneuse78@wanadoo.fr
YVELINES,GAILLON SUR MONTCIENT,mairie.gaillon.sur.montcient@wanadoo.fr
YVELINES,GALLUIS,mairie@galluis.fr
YVELINES,GAMBAIS,mairie.gambais@wanadoo.fr
YVELINES,GAMBAISEUIL,mairiegambaiseuil@wanadoo.fr
YVELINES,GARANCIERES,mairie.garancieres@wanadoo.fr
YVELINES,GARGENVILLE,mairie.de.gargenville@wanadoo.fr
YVELINES,GAZERAN,mairie@commune-gazeran.fr
YVELINES,GOMMECOURT,mairiegommecourt@wanadoo.fr
YVELINES,GOUPILLIERES,mairie.goupillieres78@wanadoo.fr
YVELINES,GOUSSONVILLE,goussonville.maire@wanadoo.fr
YVELINES,GRANDCHAMP,mairie-grandchamp78@wanadoo.fr
YVELINES,GRESSEY,mairie.gressey@wanadoo.fr
YVELINES,GROSROUVRE,mairie.grosrouvre@wanadoo.fr
YVELINES,GUERNES,mairie@guernes.fr
YVELINES,GUERVILLE,mairie.guerville@wanadoo.fr
YVELINES,GUITRANCOURT,mairie-guitrancourt@wanadoo.fr
YVELINES,GUYANCOURT,secretariat.communication@ville-guyancourt.fr
YVELINES,HARDRICOURT,hardricourt@orange.fr
YVELINES,HARGEVILLE,mairie.hargeville@orange.fr
YVELINES,HERBEVILLE,mairie.herbeville@wanadoo.fr
YVELINES,HERMERAY,hermeray@wanadoo.fr
YVELINES,HOUDAN,mairiehoudan@wanadoo.fr
YVELINES,HOUILLES,mail@ville-houilles.fr
YVELINES,ISSOU,issousecretariat@gmail.com
YVELINES,JAMBVILLE,mairie-jambville@wanadoo.fr
YVELINES,JEUFOSSE,mairie.jeufosse@wanadoo.fr
YVELINES,JOUARS PONTCHARTRAIN,dgsjpontchar@wanadoo.fr
YVELINES,JOUY EN JOSAS,contact@jouy-en-josas.fr
YVELINES,JOUY MAUVOISIN,mairie.jouy.mauvoisin@wanadoo.fr
YVELINES,JUMEAUVILLE,mairie.jumeauville@wanadoo.fr
YVELINES,JUZIERS,mairie@juziers.org
YVELINES,LA BOISSIERE ECOLE,mairie.boissiere-ecole@wanadoo.fr
YVELINES,LA CELLE LES BORDES,mairie.celle.les.bordes@wanadoo.fr
YVELINES,LA CELLE SAINT CLOUD,elus@ville-lacellesaintcloud.fr
YVELINES,LA FALAISE,mairie.lafalaise@wanadoo.fr
YVELINES,LA HAUTEVILLE,lahauteville@free.fr
YVELINES,LAINVILLE EN VEXIN,mairie.lainville@free.fr
YVELINES,LA QUEUE LEZ YVELINES,mairie.la-queue.78@wanadoo.fr
YVELINES,LA VERRIERE,""
YVELINES,LA VILLENEUVE EN CHEVRIE,mairie.la-villeneuve-en-chevrie@wanadoo.fr
YVELINES,LE CHESNAY,mairie@lechesnay.fr
YVELINES,LE MESNIL LE ROI,mairie.lemesnilleroi@wanadoo.fr
YVELINES,LE MESNIL SAINT DENIS,mairie@lemesnilsaintdenis.fr
YVELINES,LE PECQ,mairie@ville-lepecq.fr
YVELINES,LE PERRAY EN YVELINES,leperray-78@wanadoo.fr
YVELINES,LE PORT MARLY,info@le-port-marly.fr
YVELINES,LES ALLUETS LE ROI,mairie-des-alluets-le-roi@wanadoo.fr
YVELINES,LES BREVIAIRES,mairie.breviaires@wanadoo.fr
YVELINES,LES CLAYES SOUS BOIS,lesclayes@lesclayessousbois.fr
YVELINES,LES ESSARTS LE ROI,mairie@essarts-le-roi.org
YVELINES,LES LOGES EN JOSAS,accueil@mairieleslogesenjosas.fr
YVELINES,LES MESNULS,mairie-des-mesnuls@wanadoo.fr
YVELINES,LES MUREAUX,e-servicecourrier@mairie-lesmureaux.fr
YVELINES,L ETANG LA VILLE,mairie.letanglaville@wanadoo.fr
YVELINES,LE TARTRE GAUDRAN,""
YVELINES,LE TERTRE SAINT DENIS,mairie-tertrestdenis@wanadoo.fr
YVELINES,LE TREMBLAY SUR MAULDRE,mairie.tremblaysurmauldre@wanadoo.fr
YVELINES,LE VESINET,mairie@levesinet.fr
YVELINES,LEVIS SAINT NOM,levis.mairie@wanadoo.fr
YVELINES,LIMAY,accueil@ville-limay.fr
YVELINES,LIMETZ VILLEZ,mairie-de-limetz-villez@wanadoo.fr
YVELINES,LOMMOYE,mairie.lommoye@orange.fr
YVELINES,LONGNES,mairie-longnes@wanadoo.fr
YVELINES,LONGVILLIERS,mairie.longvilliers@wanadoo.fr
YVELINES,LOUVECIENNES,accueil@mairie-louveciennes.fr
YVELINES,MAGNANVILLE,mairie-magnanville@wanadoo.fr
YVELINES,MAGNY LES HAMEAUX,communication@magny-les-hameaux.fr
YVELINES,MAISONS LAFFITTE,accueil@maisonslaffitte.fr
YVELINES,MANTES LA JOLIE,contact@mantes-la-jolie.fr
YVELINES,MANTES LA VILLE,communication@mairie-manteslaville.fr
YVELINES,MARCQ,mairiedemarcq@wanadoo.fr
YVELINES,MAREIL LE GUYON,mairie@mareil-le-guyon.fr
YVELINES,MAREIL MARLY,dgs@mareil-marly.fr
YVELINES,MAREIL SUR MAULDRE,mairie.mareil.mauldre@wanadoo.fr
YVELINES,MARLY LE ROI,communication@marlyleroi.fr
YVELINES,MAULE,contact.mairie@maule.fr
YVELINES,MAULETTE,""
YVELINES,MAURECOURT,accueil@ville-maurecourt.fr
YVELINES,MAUREPAS,communication@maurepas.net
YVELINES,MEDAN,communedemedan@wanadoo.fr
YVELINES,MENERVILLE,mairiemenerville@wanadoo.fr
YVELINES,MERE,mairie.mere@wanadoo.fr
YVELINES,MERICOURT,dolivier@mairie-mericourt.fr
YVELINES,MEULAN,courrier@ville-meulan.fr
YVELINES,MEZIERES SUR SEINE,mairie-de-mezieres-sur-seine@wanadoo.fr
YVELINES,MEZY SUR SEINE,mairie-mezy@wanadoo.fr
YVELINES,MILLEMONT,""
YVELINES,MILON LA CHAPELLE,mairie-de-milon@wanadoo.fr
YVELINES,MITTAINVILLE,mairie.mittainville@wanadoo.fr
YVELINES,MOISSON,accueil@moisson.fr
YVELINES,MONDREVILLE,mairie-mondreville@wanadoo.fr
YVELINES,MONTAINVILLE,mairie@montainville78.com
YVELINES,MONTALET LE BOIS,mairie.montalet@orange.fr
YVELINES,MONTCHAUVET,m.montchauvet@wanadoo.fr
YVELINES,MONTESSON,mairie@montesson.fr
YVELINES,MONTFORT L AMAURY,maire-ville-montfort-l-amaury@wanadoo.fr
YVELINES,MONTIGNY LE BRETONNEUX,com@montigny78.fr
YVELINES,MORAINVILLIERS,mairie-morainvilliers@wanadoo.fr
YVELINES,MOUSSEAUX SUR SEINE,mairie.mousseaux@wanadoo.fr
YVELINES,MULCENT,""
YVELINES,NEAUPHLE LE CHATEAU,mairie.neauphle@wanadoo.fr
YVELINES,NEAUPHLE LE VIEUX,mairie.neauphlelevieux@wanadoo.fr
YVELINES,NEAUPHLETTE,neauphlette.mairie@wanadoo.fr
YVELINES,NEZEL,mairiedenezel@wanadoo.fr
YVELINES,NOISY LE ROI,mairie@noisyleroi.fr
YVELINES,OINVILLE SUR MONTCIENT,mairie.78250oinville@wanadoo.fr
YVELINES,ORCEMONT,mairie-orcemont@wanadoo.fr
YVELINES,ORGERUS,mairie.orgerus@orange.fr
YVELINES,ORGEVAL,info@ville-orgeval.fr
YVELINES,ORPHIN,mairie-orphin@wanadoo.fr
YVELINES,ORSONVILLE,orsonville@wanadoo.fr
YVELINES,ORVILLIERS,mairieorvilliers@wanadoo.fr
YVELINES,OSMOY,mairie.d.osmoy@wanadoo.fr
YVELINES,PARAY DOUAVILLE,mairie.paray-douaville@wanadoo.fr
YVELINES,PERDREAUVILLE,mairie.perdreauville@wanadoo.fr
YVELINES,PLAISIR,communication@ville-plaisir.fr
YVELINES,POIGNY LA FORET,mairie@poigny78.fr
YVELINES,POISSY,webmaster.poissy@laposte.net
YVELINES,PONTHEVRARD,ponthevrard@wanadoo.fr
YVELINES,PORCHEVILLE,secretariat@mairie-porcheville.fr
YVELINES,PORT VILLEZ,mairie.port-villez@wanadoo.fr
YVELINES,PRUNAY EN YVELINES,mairie.prunay-yvelines@wanadoo.fr
YVELINES,PRUNAY LE TEMPLE,mairie.prunay@wanadoo.fr
YVELINES,RAIZEUX,mairie-de-raizeux@wanadoo.fr
YVELINES,RAMBOUILLET,service.communication@rambouillet.fr
YVELINES,RENNEMOULIN,commune.rennemoulin@wanadoo.fr
YVELINES,RICHEBOURG,mairie-richebourg@wanadoo.fr
YVELINES,ROCHEFORT EN YVELINES,mairie-rochefort@wanadoo.fr
YVELINES,ROCQUENCOURT,fmalabre@mairie-rocquencourt.fr
YVELINES,ROLLEBOISE,mairie.rolleboise@wanadoo.fr
YVELINES,ROSAY,mairie.rosay@wanadoo.fr
YVELINES,ROSNY SUR SEINE,accueil@ville-rosny78.fr
YVELINES,SAILLY,mairie-sailly@wanadoo.fr
YVELINES,SAINT ARNOULT EN YVELINES,cabinetdumaire@say78.fr
YVELINES,SAINT CYR L ECOLE,courrier@saintcyr78.fr
YVELINES,SAINTE MESME,mairie.ste.mesme@wanadoo.fr
YVELINES,SAINT FORGET,mairie-saint-forget@wanadoo.fr
YVELINES,SAINT GERMAIN DE LA GRANGE,mairie.st-germain-de-la-grange@wanadoo.fr
YVELINES,SAINT GERMAIN EN LAYE,courrier@saintgermainenlaye.fr
YVELINES,SAINT HILARION,mairie@saint-hilarion.fr
YVELINES,SAINT ILLIERS LA VILLE,saintillierslaville@wanadoo.fr
YVELINES,SAINT ILLIERS LE BOIS,st-illiers-le-bois.mairie@wanadoo.fr
YVELINES,SAINT LAMBERT,mairie-de-st-lambert-des-bois@orange.fr
YVELINES,SAINT LEGER EN YVELINES,mairiesaintleger.y@wanadoo.fr
YVELINES,SAINT MARTIN DE BRETHENCOURT,saint.martin.brethencourt@wanadoo.fr
YVELINES,SAINT MARTIN DES CHAMPS,mairiesm@wanadoo.fr
YVELINES,SAINT MARTIN LA GARENNE,mairiesaintmartinlagarenne@wanadoo.fr
YVELINES,SAINT NOM LA BRETECHE,accueil@mairiesnlb.fr
YVELINES,SAINT REMY LES CHEVREUSE,secretariat@ville-st-remy-chevreuse.fr
YVELINES,SAINT REMY L HONORE,mairie@saintremylhonore.fr
YVELINES,SARTROUVILLE,mairie@ville-sartrouville.fr
YVELINES,SAULX MARCHAIS,mairie@saulx-marchais.fr
YVELINES,SENLISSE,mairie.senlisse@wanadoo.fr
YVELINES,SEPTEUIL,mairie-septeuil78@orange.fr
YVELINES,SOINDRES,mairie.soindres@wanadoo.fr
YVELINES,SONCHAMP,mairie.sonchamp@wanadoo.fr
YVELINES,TACOIGNIERES,mairie.tacoignieres@wanadoo.fr
YVELINES,TESSANCOURT SUR AUBETTE,mairie.tessancourt@wanadoo.fr
YVELINES,THIVERVAL GRIGNON,mairie@mairie-thiverval-grignon.fr
YVELINES,THOIRY,mairie-de-thoiry@wanadoo.fr
YVELINES,TILLY,mairie-tilly78@wanadoo.fr
YVELINES,TOUSSUS LE NOBLE,mairie@ville-toussus-le-noble.fr
YVELINES,TRAPPES,ville@mairie-trappes.fr
YVELINES,TRIEL SUR SEINE,secretariat@triel.fr
YVELINES,VAUX SUR SEINE,mairie-vaux-sur-seine@wanadoo.fr
YVELINES,VELIZY VILLACOUBLAY,directiongenerale@velizy-villacoublay.fr
YVELINES,VERNEUIL SUR SEINE,accueil@ville-verneuil-sur-seine.fr
YVELINES,VERNOUILLET,secretariat-maire@mairie-vernouillet.fr
YVELINES,VERSAILLES,mairie-versailles@mairie-versailles.fr
YVELINES,VERT,mairiedevert@orange.fr
YVELINES,VICQ,mairie-de-vicq@9business.fr
YVELINES,VIEILLE EGLISE EN YVELINES,vieilleglise.yvelines@wanadoo.fr
YVELINES,VILLENNES SUR SEINE,info@ville-villennes-sur-seine.fr
YVELINES,VILLEPREUX,communication.mairie.villepreux@wanadoo.fr
YVELINES,VILLETTE,mairie-villette@wanadoo.fr
YVELINES,VILLIERS LE MAHIEU,mairie@villiers-le-mahieu.fr
YVELINES,VILLIERS SAINT FREDERIC,infomaire@mairie-villiers-saint-frederic.fr
YVELINES,VIROFLAY,webmestre@ville-viroflay.fr
YVELINES,VOISINS LE BRETONNEUX,votre.courriel@voisins78.fr
HAUTS DE SEINE,ANTONY,webmaster@ville-antony.fr
HAUTS DE SEINE,ASNIERES SUR SEINE,info@ville-asnieressurseine.fr
HAUTS DE SEINE,BAGNEUX,contact@mairie-bagneux.fr
HAUTS DE SEINE,BOIS COLOMBES,bois-colombes@bois-colombes.com
HAUTS DE SEINE,BOULOGNE BILLANCOURT,sce.communication@mairie-boulogne-billancourt.fr
HAUTS DE SEINE,BOURG LA REINE,mairie@bourg-la-reine.fr
HAUTS DE SEINE,CHATENAY MALABRY,infos@chatenay-malabry.fr
HAUTS DE SEINE,CHATILLON,webmaster@ville-chatillon.fr
HAUTS DE SEINE,CHAVILLE,jean-levain@ville-chaville.fr
HAUTS DE SEINE,CLAMART,mairie@clamart.fr
HAUTS DE SEINE,CLICHY LA GARENNE,info@ville-clichy.fr
HAUTS DE SEINE,COLOMBES,courrier@mairie-colombes.fr
HAUTS DE SEINE,COURBEVOIE,courbevoie@ville-courbevoie.fr
HAUTS DE SEINE,FONTENAY AUX ROSES,mairie@fontenay-aux-roses.fr
HAUTS DE SEINE,GARCHES,info@ville-garches.fr
HAUTS DE SEINE,GENNEVILLIERS,contact@ville-gennevilliers.fr
HAUTS DE SEINE,ISSY LES MOULINEAUX,iris@ville-issy.fr
HAUTS DE SEINE,LA GARENNE COLOMBES,infomairie@lagarennecolombes.fr
HAUTS DE SEINE,LE PLESSIS ROBINSON,mairie-plessis-robinson@wanadoo.fr
HAUTS DE SEINE,LEVALLOIS PERRET,votre.maire@ville-levallois.fr
HAUTS DE SEINE,MALAKOFF,mairie@ville-malakoff.fr
HAUTS DE SEINE,MARNES LA COQUETTE,mairiedemarnes@wanadoo.fr
HAUTS DE SEINE,MEUDON,accueil@mairie-meudon.fr
HAUTS DE SEINE,MONTROUGE,jean-loup.metton@ville-montrouge.fr
HAUTS DE SEINE,NANTERRE,etat.civil@mairie-nanterre.fr
HAUTS DE SEINE,NEUILLY SUR SEINE,accueil-standard@ville-neuillysurseine.fr
HAUTS DE SEINE,PUTEAUX,info@mairie-puteaux.fr
HAUTS DE SEINE,RUEIL MALMAISON,info@mairie-rueilmalmaison.fr
HAUTS DE SEINE,SAINT CLOUD,direction-generale@saintcloud.fr
HAUTS DE SEINE,SCEAUX,sceauxinfomairie@sceaux.fr
HAUTS DE SEINE,SEVRES,mairie@ville-sevres.fr
HAUTS DE SEINE,SURESNES,webmestre@ville-suresnes.fr
HAUTS DE SEINE,VANVES,servicesmunicipaux@ville-vanves.fr
HAUTS DE SEINE,VAUCRESSON,mairie@mairie-vaucresson.fr
HAUTS DE SEINE,VILLE D AVRAY,info@mairie-villedavray.fr
HAUTS DE SEINE,VILLENEUVE LA GARENNE,contact@villeneuve92.com
SEINE SAINT DENIS,AUBERVILLIERS,secretariat-general@mairie-Aubervilliers.fr
SEINE SAINT DENIS,AULNAY SOUS BOIS,comexterne@aulnay-sous-bois.com
SEINE SAINT DENIS,BAGNOLET,mairie@ville-bagnolet.fr
SEINE SAINT DENIS,BOBIGNY,comtown@comtown.com
SEINE SAINT DENIS,BONDY,cab-maire@ville-bondy.fr
SEINE SAINT DENIS,CLICHY SOUS BOIS,webmaster@ville-clichy-sous-bois.fr
SEINE SAINT DENIS,COUBRON,cabinet.maire@coubron.fr
SEINE SAINT DENIS,DRANCY,maire@drancy.fr
SEINE SAINT DENIS,DUGNY,cabmaire@mairie-dugny.fr
SEINE SAINT DENIS,EPINAY SUR SEINE,communication@mairie-epinay93.fr
SEINE SAINT DENIS,GAGNY,info@mairie-gagny.fr
SEINE SAINT DENIS,GOURNAY SUR MARNE,c.gonnet@gournay-sur-marne.fr
SEINE SAINT DENIS,LA COURNEUVE,maire@ville-la-courneuve.fr
SEINE SAINT DENIS,LE BLANC MESNIL,lemensuel@ville-blanc-mesnil.fr
SEINE SAINT DENIS,LE BOURGET,service.communication@ville-lebourget.fr
SEINE SAINT DENIS,LE PRE SAINT GERVAIS,communication@ville-du-pre-saint-gervais.fr
SEINE SAINT DENIS,LE RAINCY,leraincy@leraincy.com
SEINE SAINT DENIS,LES LILAS,ville@leslilas.fr
SEINE SAINT DENIS,LES PAVILLONS SOUS BOIS,mairie@ville-pavillons-sous-bois.fr
SEINE SAINT DENIS,L ILE SAINT DENIS,mairie@lile-saint-denis.fr
SEINE SAINT DENIS,LIVRY GARGAN,courriermaire@ville-de-livry-gargan.fr
SEINE SAINT DENIS,MONTFERMEIL,elus@ville-montfermeil.fr
SEINE SAINT DENIS,MONTREUIL,site.internet@montreuil93.net
SEINE SAINT DENIS,NEUILLY PLAISANCE,contact@mairie-neuillyplaisance.com
SEINE SAINT DENIS,NEUILLY SUR MARNE,mairie.neuilly.marne@wanadoo.fr
SEINE SAINT DENIS,NOISY LE GRAND,mairie@ville-noisylegrand.fr
SEINE SAINT DENIS,NOISY LE SEC,maire@noisylesec.fr
SEINE SAINT DENIS,PANTIN,""
SEINE SAINT DENIS,PIERREFITTE SUR SEINE,mairie@mairie-pierrefitte-sur-seine.fr
SEINE SAINT DENIS,ROMAINVILLE,courrier@ville-romainville.fr
SEINE SAINT DENIS,ROSNY SOUS BOIS,courrier@mairie-rosny-sous-bois.fr
SEINE SAINT DENIS,SAINT DENIS,mairie.saint.denis@ville-saint-denis.fr
SEINE SAINT DENIS,SAINT OUEN,etat-civil@mairie-saint-ouen.fr
SEINE SAINT DENIS,SEVRAN,grp_accueil@ville-sevran.fr
SEINE SAINT DENIS,STAINS,courrier@stains.fr
SEINE SAINT DENIS,TREMBLAY EN FRANCE,services@tremblayenfrance.fr
SEINE SAINT DENIS,VAUJOURS,contact@ville-vaujours.fr
SEINE SAINT DENIS,VILLEMOMBLE,secretariat-general@mairie-villemomble.fr
SEINE SAINT DENIS,VILLEPINTE,mairie@ville-villepinte.fr
SEINE SAINT DENIS,VILLETANEUSE,communication@mairie-villetaneuse.fr
